CODE MATÉRIEL;DATE DE DÉLIVRANCE
0001;14/05/2020
0002;15/02/2022
0003;14/12/2019
0004;21/05/2020
0005;25/10/2019
0006;19/04/2020
0007;09/02/2020
0008;26/01/2019
0009;09/05/2019
0011;16/03/2019
0012;15/04/2019
0013;02/10/2022
0014;24/04/2022
0015;23/01/2019
0016;24/06/2019
0017;04/02/2019
0018;10/03/2020
0019;09/06/2018
0020;16/12/2018
0021;21/05/2022
0022;30/08/2019
0024;19/06/2019
0025;11/05/2020
0026;11/05/2020
002;03/06/2018
0028;01/04/2022
0029;02/04/2019
0030;11/01/2020
0019;09/06/2018
0020;16/12/2018
0005;25/10/2019
0006;19/04/2020